<?xml version="1.0" encoding="UTF-8"?>
<project-private xmlns="http://www.netbeans.org/ns/project-private/1">
    <editor-bookmarks xmlns="http://www.netbeans.org/ns/editor-bookmarks/2" lastBookmarkId="0"/>
    <open-files xmlns="http://www.netbeans.org/ns/projectui-open-files/1">
        <file>file:/D:/DROPBOX/Dropbox/CLASE/Segundo/TP/WALLE/WALLE/src/tp/pr5/ApplicationMode.java</file>
        <file>file:/D:/DROPBOX/Dropbox/CLASE/Segundo/TP/WALLE/WALLE/src/tp/pr5/City.java</file>
        <file>file:/D:/DROPBOX/Dropbox/CLASE/Segundo/TP/WALLE/WALLE/src/tp/pr5/Direction.java</file>
        <file>file:/D:/DROPBOX/Dropbox/CLASE/Segundo/TP/WALLE/WALLE/src/tp/pr5/Interpreter.java</file>
        <file>file:/D:/DROPBOX/Dropbox/CLASE/Segundo/TP/WALLE/WALLE/src/tp/pr5/Main.java</file>
        <file>file:/D:/DROPBOX/Dropbox/CLASE/Segundo/TP/WALLE/WALLE/src/tp/pr5/NavigationModule.java</file>
        <file>file:/D:/DROPBOX/Dropbox/CLASE/Segundo/TP/WALLE/WALLE/src/tp/pr5/Place.java</file>
        <file>file:/D:/DROPBOX/Dropbox/CLASE/Segundo/TP/WALLE/WALLE/src/tp/pr5/RobotEngine.java</file>
        <file>file:/D:/DROPBOX/Dropbox/CLASE/Segundo/TP/WALLE/WALLE/src/tp/pr5/Rotation.java</file>
        <file>file:/D:/DROPBOX/Dropbox/CLASE/Segundo/TP/WALLE/WALLE/src/tp/pr5/Street.java</file>
        <file>file:/D:/DROPBOX/Dropbox/CLASE/Segundo/TP/WALLE/WALLE/src/tp/pr5/UserInterfaceLauncher.java</file>
        <file>file:/D:/DROPBOX/Dropbox/CLASE/Segundo/TP/WALLE/WALLE/src/tp/pr5/ViewLaunchFactory.java</file>
        <file>file:/D:/DROPBOX/Dropbox/CLASE/Segundo/TP/WALLE/WALLE/src/tp/pr5/cityLoader/CityLoaderFromTxtFile.java</file>
        <file>file:/D:/DROPBOX/Dropbox/CLASE/Segundo/TP/WALLE/WALLE/src/tp/pr5/cityLoader/LoaderParser.java</file>
        <file>file:/D:/DROPBOX/Dropbox/CLASE/Segundo/TP/WALLE/WALLE/src/tp/pr5/cityLoader/cityLoaderExceptions/WrongCityFormatException.java</file>
        <file>file:/D:/DROPBOX/Dropbox/CLASE/Segundo/TP/WALLE/WALLE/src/tp/pr5/console/ConsoleLauncher.java</file>
        <file>file:/D:/DROPBOX/Dropbox/CLASE/Segundo/TP/WALLE/WALLE/src/tp/pr5/console/ConsoleMessagesProvider.java</file>
        <file>file:/D:/DROPBOX/Dropbox/CLASE/Segundo/TP/WALLE/WALLE/src/tp/pr5/console/ConsoleView.java</file>
        <file>file:/D:/DROPBOX/Dropbox/CLASE/Segundo/TP/WALLE/WALLE/src/tp/pr5/console/driver/ConsoleDriver.java</file>
        <file>file:/D:/DROPBOX/Dropbox/CLASE/Segundo/TP/WALLE/WALLE/src/tp/pr5/gui/BothMessagesProvider.java</file>
        <file>file:/D:/DROPBOX/Dropbox/CLASE/Segundo/TP/WALLE/WALLE/src/tp/pr5/gui/GUIInputManager.java</file>
        <file>file:/D:/DROPBOX/Dropbox/CLASE/Segundo/TP/WALLE/WALLE/src/tp/pr5/gui/GUILauncher.java</file>
        <file>file:/D:/DROPBOX/Dropbox/CLASE/Segundo/TP/WALLE/WALLE/src/tp/pr5/gui/GUIMessagesProvider.java</file>
        <file>file:/D:/DROPBOX/Dropbox/CLASE/Segundo/TP/WALLE/WALLE/src/tp/pr5/gui/InfoLabelUpdater.java</file>
        <file>file:/D:/DROPBOX/Dropbox/CLASE/Segundo/TP/WALLE/WALLE/src/tp/pr5/gui/driver/GUIController.java</file>
        <file>file:/D:/DROPBOX/Dropbox/CLASE/Segundo/TP/WALLE/WALLE/src/tp/pr5/gui/window/InfoLabelPanel.java</file>
        <file>file:/D:/DROPBOX/Dropbox/CLASE/Segundo/TP/WALLE/WALLE/src/tp/pr5/gui/window/InstructionsPanel.java</file>
        <file>file:/D:/DROPBOX/Dropbox/CLASE/Segundo/TP/WALLE/WALLE/src/tp/pr5/gui/window/InterfaceWindow.java</file>
        <file>file:/D:/DROPBOX/Dropbox/CLASE/Segundo/TP/WALLE/WALLE/src/tp/pr5/gui/window/MainWindow.java</file>
        <file>file:/D:/DROPBOX/Dropbox/CLASE/Segundo/TP/WALLE/WALLE/src/tp/pr5/gui/window/NavigationPanel.java</file>
        <file>file:/D:/DROPBOX/Dropbox/CLASE/Segundo/TP/WALLE/WALLE/src/tp/pr5/gui/window/PlaceCell.java</file>
        <file>file:/D:/DROPBOX/Dropbox/CLASE/Segundo/TP/WALLE/WALLE/src/tp/pr5/gui/window/RobotPanel.java</file>
        <file>file:/D:/DROPBOX/Dropbox/CLASE/Segundo/TP/WALLE/WALLE/src/tp/pr5/instructions/DropInstruction.java</file>
        <file>file:/D:/DROPBOX/Dropbox/CLASE/Segundo/TP/WALLE/WALLE/src/tp/pr5/instructions/HelpInstruction.java</file>
        <file>file:/D:/DROPBOX/Dropbox/CLASE/Segundo/TP/WALLE/WALLE/src/tp/pr5/instructions/Instruction.java</file>
        <file>file:/D:/DROPBOX/Dropbox/CLASE/Segundo/TP/WALLE/WALLE/src/tp/pr5/instructions/MoveInstruction.java</file>
        <file>file:/D:/DROPBOX/Dropbox/CLASE/Segundo/TP/WALLE/WALLE/src/tp/pr5/instructions/OperateInstruction.java</file>
        <file>file:/D:/DROPBOX/Dropbox/CLASE/Segundo/TP/WALLE/WALLE/src/tp/pr5/instructions/PickInstruction.java</file>
        <file>file:/D:/DROPBOX/Dropbox/CLASE/Segundo/TP/WALLE/WALLE/src/tp/pr5/instructions/QuitInstruction.java</file>
        <file>file:/D:/DROPBOX/Dropbox/CLASE/Segundo/TP/WALLE/WALLE/src/tp/pr5/instructions/RadarInstruction.java</file>
        <file>file:/D:/DROPBOX/Dropbox/CLASE/Segundo/TP/WALLE/WALLE/src/tp/pr5/instructions/ScanInstruction.java</file>
        <file>file:/D:/DROPBOX/Dropbox/CLASE/Segundo/TP/WALLE/WALLE/src/tp/pr5/instructions/TurnInstruction.java</file>
        <file>file:/D:/DROPBOX/Dropbox/CLASE/Segundo/TP/WALLE/WALLE/src/tp/pr5/items/CodeCard.java</file>
        <file>file:/D:/DROPBOX/Dropbox/CLASE/Segundo/TP/WALLE/WALLE/src/tp/pr5/items/Fuel.java</file>
        <file>file:/D:/DROPBOX/Dropbox/CLASE/Segundo/TP/WALLE/WALLE/src/tp/pr5/items/Garbage.java</file>
        <file>file:/D:/DROPBOX/Dropbox/CLASE/Segundo/TP/WALLE/WALLE/src/tp/pr5/items/Item.java</file>
        <file>file:/D:/DROPBOX/Dropbox/CLASE/Segundo/TP/WALLE/WALLE/src/tp/pr5/items/ItemContainer.java</file>
        <file>file:/D:/DROPBOX/Dropbox/CLASE/Segundo/TP/WALLE/WALLE/src/tp/pr5/messaging/MessagesProvider.java</file>
        <file>file:/D:/DROPBOX/Dropbox/CLASE/Segundo/TP/WALLE/WALLE/src/tp/pr5/messaging/NoApplicationModeException.java</file>
        <file>file:/D:/DROPBOX/Dropbox/CLASE/Segundo/TP/WALLE/WALLE/src/tp/pr5/messaging/WallEsMessages.java</file>
        <file>file:/D:/DROPBOX/Dropbox/CLASE/Segundo/TP/WALLE/WALLE/src/tp/pr5/utils/AndPredicate.java</file>
        <file>file:/D:/DROPBOX/Dropbox/CLASE/Segundo/TP/WALLE/WALLE/src/tp/pr5/utils/RemoveableFilter.java</file>
        <file>file:/D:/DROPBOX/Dropbox/CLASE/Segundo/TP/WALLE/WALLE/src/tp/pr5/utils/events/Event.java</file>
        <file>file:/D:/DROPBOX/Dropbox/CLASE/Segundo/TP/WALLE/WALLE/src/tp/pr5/utils/events/EventHandler.java</file>
        <file>file:/D:/DROPBOX/Dropbox/CLASE/Segundo/TP/WALLE/WALLE/src/tp/pr5/utils/events/EventSender.java</file>
        <file>file:/D:/DROPBOX/Dropbox/CLASE/Segundo/TP/WALLE/WALLE/src/tp/pr5/utils/events/NonArgsEvent.java</file>
        <file>file:/D:/DROPBOX/Dropbox/CLASE/Segundo/TP/WALLE/WALLE/src/tp/pr5/utils/events/NonArgsEventHandler.java</file>
        <file>file:/D:/DROPBOX/Dropbox/CLASE/Segundo/TP/WALLE/WALLE/src/tp/pr5/utils/events/WALLE/ItemContainerChangeEventArgs.java</file>
        <file>file:/D:/DROPBOX/Dropbox/CLASE/Segundo/TP/WALLE/WALLE/src/tp/pr5/utils/events/WALLE/ItemContainerChangeType.java</file>
        <file>file:/D:/DROPBOX/Dropbox/CLASE/Segundo/TP/WALLE/WALLE/src/tp/pr5/utils/events/WALLE/NavigationModuleChangeType.java</file>
        <file>file:/D:/DROPBOX/Dropbox/CLASE/Segundo/TP/WALLE/WALLE/src/tp/pr5/utils/events/WALLE/NavigationModuleChangedEventArgs.java</file>
        <file>file:/D:/DROPBOX/Dropbox/CLASE/Segundo/TP/WALLE/WALLE/src/tp/pr5/utils/events/WALLE/RobotEngineChangeEventArgs.java</file>
        <file>file:/D:/DROPBOX/Dropbox/CLASE/Segundo/TP/WALLE/WALLE/src/tp/pr5/utils/events/WALLE/RobotEngineChangeType.java</file>
    </open-files>
</project-private>
